<mxGraphModel><root><mxCell id="0"/><mxCell id="1" parent="0"/><mxCell id="260" style="entity" parent="1" vertex="1" connectable="0"><ErEntity name="User" as="value"><ErEntityGBHandler as="erGraphBehaviourHandler"/></ErEntity><mxGeometry x="280" y="59" width="100" height="40" as="geometry"/></mxCell><mxCell id="261" style="entity" parent="1" vertex="1" connectable="0"><ErEntity name="Player" as="value"><ErEntityGBHandler as="erGraphBehaviourHandler"/></ErEntity><mxGeometry x="118" y="155" width="100" height="40" as="geometry"/></mxCell><mxCell id="262" style="entity" parent="1" vertex="1" connectable="0"><ErEntity name="Developer" as="value"><ErEntityGBHandler as="erGraphBehaviourHandler"/></ErEntity><mxGeometry x="277.03" y="163" width="100" height="40" as="geometry"/></mxCell><mxCell id="263" style="hierarchy;userLabelTopLeft" parent="1" vertex="1" connectable="0"><ErHierarchy coverage="Partial" disjointness="Overlapping" as="value"><ErHierarchyGBHandler as="erGraphBehaviourHandler"/></ErHierarchy><mxGeometry x="236" y="109" width="10" height="10" as="geometry"/></mxCell><mxCell id="264" style="generalization" parent="1" source="263" target="260" edge="1"><ErGeneralizationConnector as="value"><ErGeneralizationConnectorGBHandler as="erGraphBehaviourHandler"/></ErGeneralizationConnector><mxGeometry relative="1" as="geometry"><Array as="points"><mxPoint x="327" y="114"/></Array></mxGeometry></mxCell><mxCell id="265" style="specialization" parent="1" source="263" target="261" edge="1"><ErSpecializationConnector as="value"><ErSpecializationConnectorGBHandler as="erGraphBehaviourHandler"/></ErSpecializationConnector><mxGeometry relative="1" as="geometry"/></mxCell><mxCell id="266" style="hierarchy;userLabelRight" parent="1" vertex="1" connectable="0"><ErHierarchy coverage="Partial" disjointness="Overlapping" as="value"><ErHierarchyGBHandler as="erGraphBehaviourHandler"/></ErHierarchy><mxGeometry x="322.0316413896093" y="125.00123186013974" width="10" height="10" as="geometry"/></mxCell><mxCell id="267" style="generalization" parent="1" source="266" target="260" edge="1"><ErGeneralizationConnector as="value"><ErGeneralizationConnectorGBHandler as="erGraphBehaviourHandler"/></ErGeneralizationConnector><mxGeometry relative="1" as="geometry"><Array as="points"><mxPoint x="327" y="112"/><mxPoint x="327" y="112"/></Array></mxGeometry></mxCell><mxCell id="268" style="specialization" parent="1" source="266" target="262" edge="1"><ErSpecializationConnector as="value"><ErSpecializationConnectorGBHandler as="erGraphBehaviourHandler"/></ErSpecializationConnector><mxGeometry relative="1" as="geometry"/></mxCell><mxCell id="269" style="attribute;attributeLabelTop" parent="1" vertex="1" connectable="0"><ErAttribute name="Special access" multivalued="1" cardinalityMin="0" cardinalityMax="N" as="value"><ErAttributeGBHandler as="erGraphBehaviourHandler"/></ErAttribute><mxGeometry x="413" y="168.5" width="13" height="13" as="geometry"/></mxCell><mxCell id="270" style="attributeConnector" parent="1" source="269" target="262" edge="1"><ErAttributeConnector as="value"><ErAttributeConnectorGBHandler as="erGraphBehaviourHandler"/></ErAttributeConnector><mxGeometry relative="1" as="geometry"/></mxCell><mxCell id="273" style="attribute;attributeLabelTop" parent="1" vertex="1" connectable="0"><ErAttribute name="Password" as="value"><ErAttributeGBHandler as="erGraphBehaviourHandler"/></ErAttribute><mxGeometry x="345" y="22" width="13" height="13" as="geometry"/></mxCell><mxCell id="274" style="attributeConnector" parent="1" source="273" target="260" edge="1"><ErAttributeConnector as="value"><ErAttributeConnectorGBHandler as="erGraphBehaviourHandler"/></ErAttributeConnector><mxGeometry relative="1" as="geometry"/></mxCell><mxCell id="275" style="attribute;attributeIdentifier;attributeLabelTop" parent="1" vertex="1" connectable="0"><ErAttribute name="Login" simpleIdentifier="1" as="value"><ErAttributeGBHandler as="erGraphBehaviourHandler"/></ErAttribute><mxGeometry x="299" y="-9" width="13" height="13" as="geometry"/></mxCell><mxCell id="276" style="attributeConnector" parent="1" source="275" target="260" edge="1"><ErAttributeConnector as="value"><ErAttributeConnectorGBHandler as="erGraphBehaviourHandler"/></ErAttributeConnector><mxGeometry relative="1" as="geometry"/></mxCell><mxCell id="277" style="attribute;attributeLabelTop;attributeIdentifier" parent="1" vertex="1" connectable="0"><ErAttribute name="Username" simpleIdentifier="1" as="value"><ErAttributeGBHandler as="erGraphBehaviourHandler"/></ErAttribute><mxGeometry x="249" y="26" width="13" height="13" as="geometry"/></mxCell><mxCell id="278" style="attributeConnector" parent="1" source="277" target="260" edge="1"><ErAttributeConnector as="value"><ErAttributeConnectorGBHandler as="erGraphBehaviourHandler"/></ErAttributeConnector><mxGeometry relative="1" as="geometry"/></mxCell><mxCell id="279" style="relationship" parent="1" vertex="1"><ErRelationship name="has" as="value"><ErRelationshipGBHandler as="erGraphBehaviourHandler"/></ErRelationship><mxGeometry x="456" y="54" width="100" height="50" as="geometry"/></mxCell><mxCell id="280" style="relationshipConnector" parent="1" source="279" target="260" edge="1"><ErRelationshipConnector cardinalityMin="0" cardinalityMax="N" as="value"><ErRelationshipConnectorGBHandler as="erGraphBehaviourHandler"/></ErRelationshipConnector><mxGeometry relative="1" as="geometry"/></mxCell><mxCell id="281" style="entity" parent="1" vertex="1" connectable="0"><ErEntity name="Character" as="value"><ErEntityGBHandler as="erGraphBehaviourHandler"/></ErEntity><mxGeometry x="623" y="59" width="100" height="40" as="geometry"/></mxCell><mxCell id="282" style="relationshipConnector" parent="1" source="279" target="281" edge="1"><ErRelationshipConnector cardinalityMin="1" cardinalityMax="1" as="value"><ErRelationshipConnectorGBHandler as="erGraphBehaviourHandler"/></ErRelationshipConnector><mxGeometry relative="1" as="geometry"/></mxCell><mxCell id="283" style="attribute;attributeLabelTop;userLabelTopLeftCircle" parent="1" vertex="1" connectable="0"><ErAttribute name="Creation date" as="value"><ErAttributeGBHandler as="erGraphBehaviourHandler"/></ErAttribute><mxGeometry x="585" y="13" width="13" height="13" as="geometry"/></mxCell><mxCell id="284" style="attributeConnector" parent="1" source="283" target="281" edge="1"><ErAttributeConnector as="value"><ErAttributeConnectorGBHandler as="erGraphBehaviourHandler"/></ErAttributeConnector><mxGeometry relative="1" as="geometry"/></mxCell><mxCell id="285" style="attribute;attributeIdentifier;attributeLabelTop" parent="1" vertex="1" connectable="0"><ErAttribute name="Name" simpleIdentifier="1" as="value"><ErAttributeGBHandler as="erGraphBehaviourHandler"/></ErAttribute><mxGeometry x="595.5" y="-28" width="13" height="13" as="geometry"/></mxCell><mxCell id="286" style="attributeConnector" parent="1" source="285" target="281" edge="1"><ErAttributeConnector as="value"><ErAttributeConnectorGBHandler as="erGraphBehaviourHandler"/></ErAttributeConnector><mxGeometry relative="1" as="geometry"/></mxCell><mxCell id="287" style="attribute;attributeLabelTop;userLabelTopLeftCircle" parent="1" vertex="1" connectable="0"><ErAttribute name="Skills" multivalued="1" cardinalityMin="0" cardinalityMax="N" as="value"><ErAttributeGBHandler as="erGraphBehaviourHandler"/></ErAttribute><mxGeometry x="725" y="-9" width="13" height="13" as="geometry"/></mxCell><mxCell id="288" style="attributeConnector" parent="1" source="287" target="281" edge="1"><ErAttributeConnector as="value"><ErAttributeConnectorGBHandler as="erGraphBehaviourHandler"/></ErAttributeConnector><mxGeometry relative="1" as="geometry"/></mxCell><mxCell id="299" style="relationship" parent="1" vertex="1"><ErRelationship name="owns" as="value"><ErRelationshipGBHandler as="erGraphBehaviourHandler"/></ErRelationship><mxGeometry x="552" y="147" width="100" height="50" as="geometry"/></mxCell><mxCell id="300" style="relationshipConnector" parent="1" source="299" target="281" edge="1"><ErRelationshipConnector cardinalityMin="0" cardinalityMax="N" as="value"><ErRelationshipConnectorGBHandler as="erGraphBehaviourHandler"/></ErRelationshipConnector><mxGeometry relative="1" as="geometry"><Array as="points"><mxPoint x="602" y="123"/><mxPoint x="639" y="123"/></Array></mxGeometry></mxCell><mxCell id="301" style="entity" parent="1" vertex="1" connectable="0"><ErEntity name="Weapon" as="value"><ErEntityGBHandler as="erGraphBehaviourHandler"/></ErEntity><mxGeometry x="481" y="331.5" width="100" height="40" as="geometry"/></mxCell><mxCell id="305" style="attribute;attributeLabelBottom" parent="1" vertex="1" connectable="0"><ErAttribute name="Type" as="value"><ErAttributeGBHandler as="erGraphBehaviourHandler"/></ErAttribute><mxGeometry x="464" y="398" width="13" height="13" as="geometry"/></mxCell><mxCell id="306" style="attributeConnector" parent="1" source="305" target="301" edge="1"><ErAttributeConnector as="value"><ErAttributeConnectorGBHandler as="erGraphBehaviourHandler"/></ErAttributeConnector><mxGeometry relative="1" as="geometry"/></mxCell><mxCell id="307" style="attribute;attributeLabelBottom" parent="1" vertex="1" connectable="0"><ErAttribute name="Damage" as="value"><ErAttributeGBHandler as="erGraphBehaviourHandler"/></ErAttribute><mxGeometry x="505" y="411" width="13" height="13" as="geometry"/></mxCell><mxCell id="308" style="attributeConnector" parent="1" source="307" target="301" edge="1"><ErAttributeConnector as="value"><ErAttributeConnectorGBHandler as="erGraphBehaviourHandler"/></ErAttributeConnector><mxGeometry relative="1" as="geometry"/></mxCell><mxCell id="325" style="attribute;attributeLabelTop" parent="1" vertex="1" connectable="0"><ErAttribute name="Stats" compositeAttribute="1" compositeAttributeRoot="1" as="value"><ErAttributeGBHandler as="erGraphBehaviourHandler"/></ErAttribute><mxGeometry x="761" y="-6" width="13" height="13" as="geometry"/></mxCell><mxCell id="326" style="attributeConnector" parent="1" source="325" target="281" edge="1"><ErAttributeConnector as="value"><ErAttributeConnectorGBHandler as="erGraphBehaviourHandler"/></ErAttributeConnector><mxGeometry relative="1" as="geometry"/></mxCell><mxCell id="327" style="attribute;attributeLabelTop" parent="1" vertex="1" connectable="0"><ErAttribute name="Vigor" compositeAttribute="1" compositeAttributeMember="1" as="value"><ErAttributeGBHandler as="erGraphBehaviourHandler"/></ErAttribute><mxGeometry x="801" y="-61" width="13" height="13" as="geometry"/></mxCell><mxCell id="328" style="attributeConnector" parent="1" source="327" target="325" edge="1"><ErAttributeConnector as="value"><ErAttributeConnectorGBHandler as="erGraphBehaviourHandler"/></ErAttributeConnector><mxGeometry relative="1" as="geometry"/></mxCell><mxCell id="329" style="attribute;attributeLabelTop" parent="1" vertex="1" connectable="0"><ErAttribute name="Mind" compositeAttribute="1" compositeAttributeMember="1" as="value"><ErAttributeGBHandler as="erGraphBehaviourHandler"/></ErAttribute><mxGeometry x="829" y="-28" width="13" height="13" as="geometry"/></mxCell><mxCell id="330" style="attributeConnector" parent="1" source="329" target="325" edge="1"><ErAttributeConnector as="value"><ErAttributeConnectorGBHandler as="erGraphBehaviourHandler"/></ErAttributeConnector><mxGeometry relative="1" as="geometry"/></mxCell><mxCell id="331" style="attribute;attributeLabelTop" parent="1" vertex="1" connectable="0"><ErAttribute name="Endurance" compositeAttribute="1" compositeAttributeMember="1" as="value"><ErAttributeGBHandler as="erGraphBehaviourHandler"/></ErAttribute><mxGeometry x="835" y="-69" width="13" height="13" as="geometry"/></mxCell><mxCell id="332" style="attributeConnector" parent="1" source="331" target="325" edge="1"><ErAttributeConnector as="value"><ErAttributeConnectorGBHandler as="erGraphBehaviourHandler"/></ErAttributeConnector><mxGeometry relative="1" as="geometry"/></mxCell><mxCell id="333" style="attribute;attributeLabelBottom" parent="1" vertex="1" connectable="0"><ErAttribute name="Strength" compositeAttribute="1" compositeAttributeMember="1" as="value"><ErAttributeGBHandler as="erGraphBehaviourHandler"/></ErAttribute><mxGeometry x="822" y="4" width="13" height="13" as="geometry"/></mxCell><mxCell id="334" style="attributeConnector" parent="1" source="333" target="325" edge="1"><ErAttributeConnector as="value"><ErAttributeConnectorGBHandler as="erGraphBehaviourHandler"/></ErAttributeConnector><mxGeometry relative="1" as="geometry"/></mxCell><mxCell id="335" style="attribute;attributeLabelBottom" parent="1" vertex="1" connectable="0"><ErAttribute name="Dexterity" compositeAttribute="1" compositeAttributeMember="1" as="value"><ErAttributeGBHandler as="erGraphBehaviourHandler"/></ErAttribute><mxGeometry x="795" y="31" width="13" height="13" as="geometry"/></mxCell><mxCell id="336" style="attributeConnector" parent="1" source="335" target="325" edge="1"><ErAttributeConnector as="value"><ErAttributeConnectorGBHandler as="erGraphBehaviourHandler"/></ErAttributeConnector><mxGeometry relative="1" as="geometry"/></mxCell><mxCell id="337" style="relationship" parent="1" vertex="1"><ErRelationship name="belongs to" as="value"><ErRelationshipGBHandler as="erGraphBehaviourHandler"/></ErRelationship><mxGeometry x="842" y="54" width="100" height="50" as="geometry"/></mxCell><mxCell id="338" style="relationshipConnector" parent="1" source="337" target="281" edge="1"><ErRelationshipConnector cardinalityMin="0" cardinalityMax="1" as="value"><ErRelationshipConnectorGBHandler as="erGraphBehaviourHandler"/></ErRelationshipConnector><mxGeometry relative="1" as="geometry"/></mxCell><mxCell id="339" style="entity" parent="1" vertex="1" connectable="0"><ErEntity name="Сovenant" as="value"><ErEntityGBHandler as="erGraphBehaviourHandler"/></ErEntity><mxGeometry x="996" y="59" width="100" height="40" as="geometry"/></mxCell><mxCell id="340" style="relationshipConnector" parent="1" source="337" target="339" edge="1"><ErRelationshipConnector cardinalityMin="1" cardinalityMax="N" as="value"><ErRelationshipConnectorGBHandler as="erGraphBehaviourHandler"/></ErRelationshipConnector><mxGeometry relative="1" as="geometry"/></mxCell><mxCell id="341" style="relationship" parent="1" vertex="1"><ErRelationship name="Hostile" as="value"><ErRelationshipGBHandler as="erGraphBehaviourHandler"/></ErRelationship><mxGeometry x="996" y="141" width="100" height="50" as="geometry"/></mxCell><mxCell id="342" style="relationshipConnector" parent="1" source="341" target="339" edge="1"><ErRelationshipConnector name="has" cardinalityMin="0" cardinalityMax="N" as="value"><ErRelationshipConnectorGBHandler as="erGraphBehaviourHandler"/></ErRelationshipConnector><mxGeometry x="-0.1832" y="-13" relative="1" as="geometry"><mxPoint as="offset"/></mxGeometry></mxCell><mxCell id="343" style="relationshipConnector" parent="1" source="341" target="339" edge="1"><ErRelationshipConnector name="to" cardinalityMin="0" cardinalityMax="N" as="value"><ErRelationshipConnectorGBHandler as="erGraphBehaviourHandler"/></ErRelationshipConnector><mxGeometry x="-0.0111" y="-8" relative="1" as="geometry"><Array as="points"><mxPoint x="1143" y="166"/><mxPoint x="1143" y="95"/></Array><mxPoint as="offset"/></mxGeometry></mxCell><mxCell id="346" style="attribute;attributeIdentifier;attributeLabelTop" parent="1" vertex="1" connectable="0"><ErAttribute name="Covenant name" simpleIdentifier="1" as="value"><ErAttributeGBHandler as="erGraphBehaviourHandler"/></ErAttribute><mxGeometry x="1090" y="-22" width="13" height="13" as="geometry"/></mxCell><mxCell id="347" style="attributeConnector" parent="1" source="346" target="339" edge="1"><ErAttributeConnector as="value"><ErAttributeConnectorGBHandler as="erGraphBehaviourHandler"/></ErAttributeConnector><mxGeometry relative="1" as="geometry"/></mxCell><mxCell id="348" style="attribute;attributeLabelTop" parent="1" vertex="1" connectable="0"><ErAttribute name="Banner" as="value"><ErAttributeGBHandler as="erGraphBehaviourHandler"/></ErAttribute><mxGeometry x="1024" y="-13" width="13" height="13" as="geometry"/></mxCell><mxCell id="349" style="attributeConnector" parent="1" source="348" target="339" edge="1"><ErAttributeConnector as="value"><ErAttributeConnectorGBHandler as="erGraphBehaviourHandler"/></ErAttributeConnector><mxGeometry relative="1" as="geometry"/></mxCell><mxCell id="350" style="attribute;attributeLabelTop" parent="1" vertex="1" connectable="0"><ErAttribute name="Location" as="value"><ErAttributeGBHandler as="erGraphBehaviourHandler"/></ErAttribute><mxGeometry x="972" y="4" width="13" height="13" as="geometry"/></mxCell><mxCell id="351" style="attributeConnector" parent="1" source="350" target="339" edge="1"><ErAttributeConnector as="value"><ErAttributeConnectorGBHandler as="erGraphBehaviourHandler"/></ErAttributeConnector><mxGeometry relative="1" as="geometry"/></mxCell><mxCell id="352" style="relationship" parent="1" vertex="1"><ErRelationship name="participates in" as="value"><ErRelationshipGBHandler as="erGraphBehaviourHandler"/></ErRelationship><mxGeometry x="836.5" y="147" width="100" height="50" as="geometry"/></mxCell><mxCell id="355" style="relationshipConnector" parent="1" source="352" target="281" edge="1"><ErRelationshipConnector cardinalityMin="0" cardinalityMax="N" as="value"><ErRelationshipConnectorGBHandler as="erGraphBehaviourHandler"/></ErRelationshipConnector><mxGeometry relative="1" as="geometry"><Array as="points"><mxPoint x="886" y="122"/><mxPoint x="673" y="122"/></Array></mxGeometry></mxCell><mxCell id="356" style="entity" parent="1" vertex="1" connectable="0"><ErEntity name="Figth" as="value"><ErEntityGBHandler as="erGraphBehaviourHandler"/></ErEntity><mxGeometry x="836.5" y="245" width="100" height="40" as="geometry"/></mxCell><mxCell id="357" style="relationshipConnector" parent="1" source="352" target="356" edge="1"><ErRelationshipConnector cardinalityMin="1" cardinalityMax="1" as="value"><ErRelationshipConnectorGBHandler as="erGraphBehaviourHandler"/></ErRelationshipConnector><mxGeometry relative="1" as="geometry"/></mxCell><mxCell id="360" style="attribute;attributeLabelBottom" parent="1" vertex="1" connectable="0"><ErAttribute name="Place" as="value"><ErAttributeGBHandler as="erGraphBehaviourHandler"/></ErAttribute><mxGeometry x="866.63" y="314" width="13" height="13" as="geometry"/></mxCell><mxCell id="361" style="attributeConnector" parent="1" source="360" target="356" edge="1"><ErAttributeConnector as="value"><ErAttributeConnectorGBHandler as="erGraphBehaviourHandler"/></ErAttributeConnector><mxGeometry relative="1" as="geometry"/></mxCell><mxCell id="362" style="attribute;attributeLabelBottom" parent="1" vertex="1" connectable="0"><ErAttribute name="Time" as="value"><ErAttributeGBHandler as="erGraphBehaviourHandler"/></ErAttribute><mxGeometry x="893" y="314" width="13" height="13" as="geometry"/></mxCell><mxCell id="363" style="attributeConnector" parent="1" source="362" target="356" edge="1"><ErAttributeConnector as="value"><ErAttributeConnectorGBHandler as="erGraphBehaviourHandler"/></ErAttributeConnector><mxGeometry relative="1" as="geometry"/></mxCell><mxCell id="364" style="attribute;attributeLabelBottom" parent="1" vertex="1" connectable="0"><ErAttribute name="Enemy" as="value"><ErAttributeGBHandler as="erGraphBehaviourHandler"/></ErAttribute><mxGeometry x="834" y="314" width="13" height="13" as="geometry"/></mxCell><mxCell id="365" style="attributeConnector" parent="1" source="364" target="356" edge="1"><ErAttributeConnector as="value"><ErAttributeConnectorGBHandler as="erGraphBehaviourHandler"/></ErAttributeConnector><mxGeometry relative="1" as="geometry"/></mxCell><mxCell id="366" style="compositeIdentifier" parent="1" vertex="1" connectable="0"><ErCompositeIdentifier as="value"><ErCompositeIdentifierGBHandler as="erGraphBehaviourHandler"/></ErCompositeIdentifier><mxGeometry as="geometry"><mxPoint x="910.2665821761759" y="302.5060557627187" as="sourcePoint"/><mxPoint x="840.4306029522184" y="302.5060557627187" as="targetPoint"/><Array as="points"><mxPoint x="895.2665821761759" y="302.5060557627187"/><mxPoint x="877.4512267900145" y="302.5060557627187"/><mxPoint x="855.4306029522184" y="302.5060557627187"/></Array></mxGeometry></mxCell><mxCell id="367" parent="1" source="366" target="356" edge="1" visible="0"><ErCompositeIdentifierConnector as="value"><ErCompositeIdentifierConnectorGBHandler as="erGraphBehaviourHandler"/></ErCompositeIdentifierConnector><mxGeometry relative="1" as="geometry"/></mxCell><mxCell id="368" parent="1" source="366" target="361" edge="1" visible="0"><ErCompositeIdentifierMember as="value"><ErCompositeIdentifierMemberGBHandler as="erGraphBehaviourHandler"/></ErCompositeIdentifierMember><mxGeometry relative="1" as="geometry"/></mxCell><mxCell id="369" style="intersectionPoint" parent="1" vertex="1" connectable="0"><ErCompositeIdentifierIntersectionPoint as="value"><ErCompositeIdentifierIPointGBHandler as="erGraphBehaviourHandler"/></ErCompositeIdentifierIntersectionPoint><mxGeometry x="875.4512267900145" y="300.5060557627187" width="4" height="4" as="geometry"/></mxCell><mxCell id="370" parent="1" source="366" target="369" edge="1" visible="0"><ErCompositeIdentifierIntersectionPointConnector as="value"><ErCompositeIdentifierIPointConnectorGBHandler as="erGraphBehaviourHandler"/></ErCompositeIdentifierIntersectionPointConnector><mxGeometry relative="1" as="geometry"/></mxCell><mxCell id="371" parent="1" source="366" target="363" edge="1" visible="0"><ErCompositeIdentifierMember as="value"><ErCompositeIdentifierMemberGBHandler as="erGraphBehaviourHandler"/></ErCompositeIdentifierMember><mxGeometry relative="1" as="geometry"/></mxCell><mxCell id="372" style="intersectionPoint" parent="1" vertex="1" connectable="0"><ErCompositeIdentifierIntersectionPoint as="value"><ErCompositeIdentifierIPointGBHandler as="erGraphBehaviourHandler"/></ErCompositeIdentifierIntersectionPoint><mxGeometry x="893.2665821761759" y="300.5060557627187" width="4" height="4" as="geometry"/></mxCell><mxCell id="373" parent="1" source="366" target="372" edge="1" visible="0"><ErCompositeIdentifierIntersectionPointConnector as="value"><ErCompositeIdentifierIPointConnectorGBHandler as="erGraphBehaviourHandler"/></ErCompositeIdentifierIntersectionPointConnector><mxGeometry relative="1" as="geometry"/></mxCell><mxCell id="374" parent="1" source="366" target="365" edge="1" visible="0"><ErCompositeIdentifierMember as="value"><ErCompositeIdentifierMemberGBHandler as="erGraphBehaviourHandler"/></ErCompositeIdentifierMember><mxGeometry relative="1" as="geometry"/></mxCell><mxCell id="375" style="intersectionPoint" parent="1" vertex="1" connectable="0"><ErCompositeIdentifierIntersectionPoint as="value"><ErCompositeIdentifierIPointGBHandler as="erGraphBehaviourHandler"/></ErCompositeIdentifierIntersectionPoint><mxGeometry x="853.4306029522184" y="300.5060557627187" width="4" height="4" as="geometry"/></mxCell><mxCell id="376" parent="1" source="366" target="375" edge="1" visible="0"><ErCompositeIdentifierIntersectionPointConnector as="value"><ErCompositeIdentifierIPointConnectorGBHandler as="erGraphBehaviourHandler"/></ErCompositeIdentifierIntersectionPointConnector><mxGeometry relative="1" as="geometry"/></mxCell><mxCell id="377" style="entity" parent="1" vertex="1" connectable="0"><ErEntity name="Item" as="value"><ErEntityGBHandler as="erGraphBehaviourHandler"/></ErEntity><mxGeometry x="552" y="252" width="100" height="40" as="geometry"/></mxCell><mxCell id="378" style="hierarchy;userLabelLeft" parent="1" vertex="1" connectable="0"><ErHierarchy coverage="Complete" disjointness="Exclusive" as="value"><ErHierarchyGBHandler as="erGraphBehaviourHandler"/></ErHierarchy><mxGeometry x="525.674069043977" y="306.9262876670824" width="10" height="10" as="geometry"/></mxCell><mxCell id="379" style="generalization" parent="1" source="378" target="377" edge="1"><ErGeneralizationConnector as="value"><ErGeneralizationConnectorGBHandler as="erGraphBehaviourHandler"/></ErGeneralizationConnector><mxGeometry relative="1" as="geometry"><Array as="points"><mxPoint x="531" y="312"/><mxPoint x="602" y="312"/></Array></mxGeometry></mxCell><mxCell id="380" style="specialization" parent="1" source="378" target="301" edge="1"><ErSpecializationConnector as="value"><ErSpecializationConnectorGBHandler as="erGraphBehaviourHandler"/></ErSpecializationConnector><mxGeometry relative="1" as="geometry"/></mxCell><mxCell id="381" style="relationshipConnector" parent="1" source="299" target="377" edge="1"><ErRelationshipConnector cardinalityMin="1" cardinalityMax="1" as="value"><ErRelationshipConnectorGBHandler as="erGraphBehaviourHandler"/></ErRelationshipConnector><mxGeometry relative="1" as="geometry"/></mxCell><mxCell id="382" style="attribute;attributeLabelTop" parent="1" vertex="1" connectable="0"><ErAttribute name="Item name" as="value"><ErAttributeGBHandler as="erGraphBehaviourHandler"/></ErAttribute><mxGeometry x="665" y="207.27" width="13" height="13" as="geometry"/></mxCell><mxCell id="383" style="attributeConnector" parent="1" source="382" target="377" edge="1"><ErAttributeConnector as="value"><ErAttributeConnectorGBHandler as="erGraphBehaviourHandler"/></ErAttributeConnector><mxGeometry relative="1" as="geometry"/></mxCell><mxCell id="384" style="compositeIdentifier" parent="1" vertex="1" connectable="0"><ErCompositeIdentifier as="value"><ErCompositeIdentifierGBHandler as="erGraphBehaviourHandler"/></ErCompositeIdentifier><mxGeometry as="geometry"><mxPoint x="587" y="229.7849975006401" as="sourcePoint"/><mxPoint x="667.374262846637" y="229.7849975006401" as="targetPoint"/><Array as="points"><mxPoint x="602" y="229.7849975006401"/><mxPoint x="652" y="229.7849975006401"/><mxPoint x="652.374262846637" y="229.7849975006401"/></Array></mxGeometry></mxCell><mxCell id="385" parent="1" source="384" target="377" edge="1" visible="0"><ErCompositeIdentifierConnector as="value"><ErCompositeIdentifierConnectorGBHandler as="erGraphBehaviourHandler"/></ErCompositeIdentifierConnector><mxGeometry relative="1" as="geometry"/></mxCell><mxCell id="386" parent="1" source="384" target="383" edge="1" visible="0"><ErCompositeIdentifierMember as="value"><ErCompositeIdentifierMemberGBHandler as="erGraphBehaviourHandler"/></ErCompositeIdentifierMember><mxGeometry relative="1" as="geometry"/></mxCell><mxCell id="387" style="intersectionPoint" parent="1" vertex="1" connectable="0"><ErCompositeIdentifierIntersectionPoint as="value"><ErCompositeIdentifierIPointGBHandler as="erGraphBehaviourHandler"/></ErCompositeIdentifierIntersectionPoint><mxGeometry x="650.374262846637" y="227.7849975006401" width="4" height="4" as="geometry"/></mxCell><mxCell id="388" parent="1" source="384" target="387" edge="1" visible="0"><ErCompositeIdentifierIntersectionPointConnector as="value"><ErCompositeIdentifierIPointConnectorGBHandler as="erGraphBehaviourHandler"/></ErCompositeIdentifierIntersectionPointConnector><mxGeometry relative="1" as="geometry"/></mxCell><mxCell id="389" parent="1" source="384" target="381" edge="1" visible="0"><ErCompositeIdentifierMember as="value"><ErCompositeIdentifierMemberGBHandler as="erGraphBehaviourHandler"/></ErCompositeIdentifierMember><mxGeometry relative="1" as="geometry"/></mxCell><mxCell id="390" style="intersectionPoint" parent="1" vertex="1" connectable="0"><ErCompositeIdentifierIntersectionPoint as="value"><ErCompositeIdentifierIPointGBHandler as="erGraphBehaviourHandler"/></ErCompositeIdentifierIntersectionPoint><mxGeometry x="600" y="227.7849975006401" width="4" height="4" as="geometry"/></mxCell><mxCell id="391" parent="1" source="384" target="390" edge="1" visible="0"><ErCompositeIdentifierIntersectionPointConnector as="value"><ErCompositeIdentifierIPointConnectorGBHandler as="erGraphBehaviourHandler"/></ErCompositeIdentifierIntersectionPointConnector><mxGeometry relative="1" as="geometry"/></mxCell><mxCell id="392" style="entity" parent="1" vertex="1" connectable="0"><ErEntity name="Armor" as="value"><ErEntityGBHandler as="erGraphBehaviourHandler"/></ErEntity><mxGeometry x="609.37" y="331.5" width="100" height="40" as="geometry"/></mxCell><mxCell id="393" style="hierarchy" parent="1" vertex="1" connectable="0"><ErHierarchy coverage="Complete" disjointness="Exclusive" as="value"><ErHierarchyGBHandler as="erGraphBehaviourHandler"/></ErHierarchy><mxGeometry x="654.37" y="304" width="10" height="10" as="geometry"/></mxCell><mxCell id="394" style="generalization" parent="1" source="393" target="377" edge="1"><ErGeneralizationConnector as="value"><ErGeneralizationConnectorGBHandler as="erGraphBehaviourHandler"/></ErGeneralizationConnector><mxGeometry relative="1" as="geometry"><Array as="points"><mxPoint x="602" y="312"/></Array></mxGeometry></mxCell><mxCell id="395" style="specialization" parent="1" source="393" target="392" edge="1"><ErSpecializationConnector as="value"><ErSpecializationConnectorGBHandler as="erGraphBehaviourHandler"/></ErSpecializationConnector><mxGeometry relative="1" as="geometry"/></mxCell><mxCell id="396" style="attribute;attributeLabelBottom;userLabelBottom" parent="1" vertex="1" connectable="0"><ErAttribute name="Passive skill" multivalued="1" cardinalityMin="0" cardinalityMax="1" as="value"><ErAttributeGBHandler as="erGraphBehaviourHandler"/></ErAttribute><mxGeometry x="591" y="402" width="13" height="13" as="geometry"/></mxCell><mxCell id="397" style="attributeConnector" parent="1" source="396" target="392" edge="1"><ErAttributeConnector as="value"><ErAttributeConnectorGBHandler as="erGraphBehaviourHandler"/></ErAttributeConnector><mxGeometry relative="1" as="geometry"/></mxCell><mxCell id="398" style="attribute;attributeLabelBottom" parent="1" vertex="1" connectable="0"><ErAttribute name="Defense" as="value"><ErAttributeGBHandler as="erGraphBehaviourHandler"/></ErAttribute><mxGeometry x="712" y="404" width="13" height="13" as="geometry"/></mxCell><mxCell id="399" style="attributeConnector" parent="1" source="398" target="392" edge="1"><ErAttributeConnector as="value"><ErAttributeConnectorGBHandler as="erGraphBehaviourHandler"/></ErAttributeConnector><mxGeometry relative="1" as="geometry"/></mxCell><mxCell id="400" style="attribute;attributeLabelBottom" parent="1" vertex="1" connectable="0"><ErAttribute name="Type" as="value"><ErAttributeGBHandler as="erGraphBehaviourHandler"/></ErAttribute><mxGeometry x="733" y="358.5" width="13" height="13" as="geometry"/></mxCell><mxCell id="401" style="attributeConnector" parent="1" source="400" target="392" edge="1"><ErAttributeConnector as="value"><ErAttributeConnectorGBHandler as="erGraphBehaviourHandler"/></ErAttributeConnector><mxGeometry relative="1" as="geometry"/></mxCell><mxCell id="402" style="relationship" parent="1" vertex="1"><ErRelationship name="can change" as="value"><ErRelationshipGBHandler as="erGraphBehaviourHandler"/></ErRelationship><mxGeometry x="277.03" y="247" width="100" height="50" as="geometry"/></mxCell><mxCell id="403" style="relationshipConnector" parent="1" source="402" target="262" edge="1"><ErRelationshipConnector cardinalityMin="0" cardinalityMax="N" as="value"><ErRelationshipConnectorGBHandler as="erGraphBehaviourHandler"/></ErRelationshipConnector><mxGeometry relative="1" as="geometry"/></mxCell><mxCell id="404" style="relationshipConnector" parent="1" source="402" target="377" edge="1"><ErRelationshipConnector name="developer changes item" cardinalityMin="1" cardinalityMax="1" as="value"><ErRelationshipConnectorGBHandler as="erGraphBehaviourHandler"/></ErRelationshipConnector><mxGeometry x="-0.2046" y="9" relative="1" as="geometry"><mxPoint as="offset"/></mxGeometry></mxCell><mxCell id="406" style="relationshipConnector" parent="1" source="402" target="281" edge="1"><ErRelationshipConnector name="developer changes character" cardinalityMin="1" cardinalityMax="1" as="value"><ErRelationshipConnectorGBHandler as="erGraphBehaviourHandler"/></ErRelationshipConnector><mxGeometry x="-0.8827" y="7" relative="1" as="geometry"><Array as="points"><mxPoint x="327" y="468"/><mxPoint x="773" y="468"/><mxPoint x="773" y="97"/></Array><mxPoint as="offset"/></mxGeometry></mxCell><mxCell id="407" style="relationshipConnector" parent="1" source="402" target="339" edge="1"><ErRelationshipConnector name="developer changes covenant" cardinalityMin="1" cardinalityMax="1" as="value"><ErRelationshipConnectorGBHandler as="erGraphBehaviourHandler"/></ErRelationshipConnector><mxGeometry x="-0.7759" y="1" relative="1" as="geometry"><Array as="points"><mxPoint x="237" y="272"/><mxPoint x="237" y="504"/><mxPoint x="1191" y="504"/><mxPoint x="1191" y="66"/></Array><mxPoint as="offset"/></mxGeometry></mxCell></root></mxGraphModel>